{
    "full_feedback_valid": [
        0.0,
        2.341137123745819,
        4.013377926421405,
        5.852842809364549,
        4.682274247491638,
        4.1806020066889635,
        4.013377926421405,
        5.518394648829431,
        5.68561872909699,
        4.51505016722408
    ],
    "full_feedback_repair_valid": [
        0.0,
        5.016722408026756,
        4.51505016722408,
        6.187290969899665,
        5.351170568561873,
        5.016722408026756,
        4.3478260869565215,
        5.852842809364549,
        6.354515050167224,
        5.68561872909699
    ]
}