{
    "full_feedback_valid": [
        0.0,
        3.177257525083612,
        5.351170568561873,
        5.68561872909699,
        4.849498327759197,
        4.849498327759197,
        5.016722408026756,
        5.852842809364549,
        4.1806020066889635,
        6.0200668896321075
    ],
    "full_feedback_repair_valid": [
        0.0,
        5.016722408026756,
        5.518394648829431,
        6.521739130434782,
        5.68561872909699,
        5.852842809364549,
        5.351170568561873,
        6.187290969899665,
        5.016722408026756,
        6.521739130434782
    ]
}