{
    "baseline_1_valid": [
        0.0,
        5.68561872909699,
        5.183946488294314,
        5.518394648829431,
        5.183946488294314,
        5.183946488294314,
        4.682274247491638,
        5.351170568561873,
        4.1806020066889635,
        5.016722408026756
    ],
    "baseline_3_valid": [
        0.0,
        4.51505016722408,
        6.521739130434782,
        5.852842809364549,
        6.521739130434782,
        6.354515050167224,
        6.521739130434782,
        7.023411371237458,
        4.682274247491638,
        5.852842809364549
    ]
}