{
    "baseline_1_valid": [
        0.0,
        4.51505016722408,
        5.016722408026756,
        5.351170568561873,
        4.3478260869565215,
        4.1806020066889635,
        5.852842809364549,
        3.8461538461538463,
        4.51505016722408,
        4.682274247491638
    ],
    "baseline_3_valid": [
        0.0,
        5.183946488294314,
        4.849498327759197,
        6.187290969899665,
        5.183946488294314,
        6.354515050167224,
        6.354515050167224,
        6.0200668896321075,
        5.518394648829431,
        5.518394648829431
    ]
}