{
    "simple_feedback_valid": [
        10.0,
        18.88888888888889,
        20.0,
        17.77777777777778,
        15.555555555555555,
        18.88888888888889,
        21.11111111111111,
        18.88888888888889,
        21.11111111111111,
        18.88888888888889
    ],
    "simple_feedback_repair_valid": [
        10.0,
        22.22222222222222,
        23.333333333333332,
        22.22222222222222,
        17.77777777777778,
        22.22222222222222,
        23.333333333333332,
        23.333333333333332,
        23.333333333333332,
        23.333333333333332
    ],
    "full_feedback_valid": [
        13.333333333333334,
        21.11111111111111,
        18.88888888888889,
        22.22222222222222,
        18.88888888888889,
        17.77777777777778,
        21.11111111111111,
        17.77777777777778,
        18.88888888888889,
        20.0
    ],
    "full_feedback_repair_valid": [
        13.333333333333334,
        25.555555555555554,
        21.11111111111111,
        24.444444444444443,
        21.11111111111111,
        18.88888888888889,
        24.444444444444443,
        24.444444444444443,
        22.22222222222222,
        25.555555555555554
    ],
    "simple_feedback_test": [
        12.4,
        14.6,
        18.6,
        17.4,
        18.6,
        16.400000000000002,
        17.4,
        17.4,
        17.8,
        18.2
    ],
    "simple_feedback_repair_test": [
        13.0,
        16.6,
        20.599999999999998,
        19.0,
        20.599999999999998,
        17.8,
        19.2,
        18.6,
        20.4,
        20.0
    ],
    "full_feedback_test": [
        13.200000000000001,
        14.399999999999999,
        19.0,
        18.6,
        19.0,
        18.6,
        19.400000000000002,
        19.0,
        18.4,
        17.8
    ],
    "full_feedback_repair_test": [
        14.2,
        15.0,
        20.8,
        20.0,
        20.599999999999998,
        19.8,
        20.599999999999998,
        20.4,
        21.4,
        20.0
    ]
}