{
    "simple_feedback_valid": [
        10.0,
        12.222222222222221,
        10.0,
        16.666666666666664,
        18.88888888888889,
        21.11111111111111,
        15.555555555555555,
        16.666666666666664,
        20.0,
        16.666666666666664
    ],
    "simple_feedback_repair_valid": [
        10.0,
        17.77777777777778,
        11.11111111111111,
        20.0,
        20.0,
        24.444444444444443,
        17.77777777777778,
        16.666666666666664,
        21.11111111111111,
        21.11111111111111
    ],
    "full_feedback_valid": [
        13.333333333333334,
        15.555555555555555,
        13.333333333333334,
        14.444444444444443,
        18.88888888888889,
        20.0,
        15.555555555555555,
        15.555555555555555,
        21.11111111111111,
        18.88888888888889
    ],
    "full_feedback_repair_valid": [
        13.333333333333334,
        20.0,
        15.555555555555555,
        17.77777777777778,
        18.88888888888889,
        22.22222222222222,
        16.666666666666664,
        16.666666666666664,
        24.444444444444443,
        23.333333333333332
    ],
    "simple_feedback_test": [
        12.4,
        17.2,
        16.6,
        17.0,
        16.2,
        17.599999999999998,
        16.2,
        16.0,
        16.8,
        17.8
    ],
    "simple_feedback_repair_test": [
        13.0,
        18.6,
        17.599999999999998,
        18.8,
        18.4,
        18.6,
        18.0,
        18.0,
        18.2,
        20.200000000000003
    ],
    "full_feedback_test": [
        13.200000000000001,
        17.4,
        18.4,
        18.0,
        18.8,
        17.8,
        17.0,
        15.8,
        18.0,
        18.6
    ],
    "full_feedback_repair_test": [
        14.2,
        18.6,
        19.6,
        19.400000000000002,
        20.200000000000003,
        19.6,
        18.0,
        17.2,
        20.0,
        21.4
    ]
}