{
    "simple_feedback_valid": [
        10.0,
        12.222222222222221,
        18.88888888888889,
        20.0,
        18.88888888888889,
        21.11111111111111,
        18.88888888888889,
        12.222222222222221,
        18.88888888888889,
        12.222222222222221
    ],
    "simple_feedback_repair_valid": [
        10.0,
        17.77777777777778,
        20.0,
        23.333333333333332,
        22.22222222222222,
        23.333333333333332,
        24.444444444444443,
        13.333333333333334,
        18.88888888888889,
        14.444444444444443
    ],
    "full_feedback_valid": [
        13.333333333333334,
        13.333333333333334,
        20.0,
        20.0,
        18.88888888888889,
        21.11111111111111,
        17.77777777777778,
        17.77777777777778,
        20.0,
        13.333333333333334
    ],
    "full_feedback_repair_valid": [
        13.333333333333334,
        15.555555555555555,
        22.22222222222222,
        22.22222222222222,
        20.0,
        24.444444444444443,
        22.22222222222222,
        18.88888888888889,
        22.22222222222222,
        15.555555555555555
    ],
    "simple_feedback_test": [
        12.4,
        14.2,
        18.6,
        17.4,
        17.0,
        17.2,
        20.0,
        19.2,
        18.4,
        19.2
    ],
    "simple_feedback_repair_test": [
        13.0,
        16.8,
        19.400000000000002,
        19.8,
        19.6,
        18.8,
        22.6,
        21.2,
        21.6,
        19.8
    ],
    "full_feedback_test": [
        13.200000000000001,
        15.8,
        19.2,
        18.4,
        16.2,
        18.6,
        20.4,
        18.8,
        20.4,
        19.6
    ],
    "full_feedback_repair_test": [
        14.2,
        17.599999999999998,
        19.400000000000002,
        20.200000000000003,
        18.8,
        19.8,
        22.2,
        20.4,
        22.6,
        20.4
    ]
}