{
    "baseline_2_valid": [
        13.333333333333334,
        20.0,
        17.77777777777778,
        16.666666666666664,
        22.22222222222222,
        14.444444444444443,
        17.77777777777778,
        18.88888888888889,
        16.666666666666664,
        20.0
    ],
    "baseline_1_valid": [
        11.11111111111111,
        18.88888888888889,
        16.666666666666664,
        16.666666666666664,
        17.77777777777778,
        14.444444444444443,
        15.555555555555555,
        15.555555555555555,
        15.555555555555555,
        15.555555555555555
    ],
    "baseline_3_valid": [
        18.88888888888889,
        18.88888888888889,
        20.0,
        15.555555555555555,
        15.555555555555555,
        21.11111111111111,
        16.666666666666664,
        15.555555555555555,
        16.666666666666664,
        20.0
    ],
    "simple_feedback_valid": [
        10.0,
        15.555555555555555,
        17.77777777777778,
        13.333333333333334,
        13.333333333333334,
        13.333333333333334,
        14.444444444444443,
        18.88888888888889,
        14.444444444444443,
        13.333333333333334
    ],
    "simple_feedback_repair_valid": [
        10.0,
        15.555555555555555,
        17.77777777777778,
        13.333333333333334,
        13.333333333333334,
        13.333333333333334,
        14.444444444444443,
        18.88888888888889,
        14.444444444444443,
        13.333333333333334
    ],
    "full_feedback_valid": [
        13.333333333333334,
        14.444444444444443,
        17.77777777777778,
        16.666666666666664,
        15.555555555555555,
        13.333333333333334,
        15.555555555555555,
        20.0,
        15.555555555555555,
        14.444444444444443
    ],
    "full_feedback_repair_valid": [
        13.333333333333334,
        14.444444444444443,
        17.77777777777778,
        16.666666666666664,
        15.555555555555555,
        13.333333333333334,
        15.555555555555555,
        20.0,
        15.555555555555555,
        14.444444444444443
    ],
    "baseline_2_test": [
        17.2,
        20.8,
        21.4,
        19.400000000000002,
        19.400000000000002,
        20.4,
        18.6,
        18.4,
        17.4,
        19.8
    ],
    "baseline_1_test": [
        15.8,
        16.8,
        16.400000000000002,
        14.6,
        15.6,
        14.799999999999999,
        14.2,
        14.399999999999999,
        11.0,
        14.2
    ],
    "baseline_3_test": [
        13.4,
        19.2,
        18.2,
        17.0,
        19.8,
        17.0,
        19.2,
        15.2,
        16.6,
        15.6
    ],
    "simple_feedback_test": [
        12.4,
        15.0,
        16.0,
        14.799999999999999,
        14.399999999999999,
        15.2,
        14.2,
        14.799999999999999,
        11.799999999999999,
        12.6
    ],
    "simple_feedback_repair_test": [
        13.0,
        15.6,
        16.400000000000002,
        15.6,
        15.2,
        15.6,
        15.0,
        15.2,
        12.6,
        13.8
    ],
    "full_feedback_test": [
        13.200000000000001,
        15.8,
        15.8,
        13.8,
        15.2,
        14.6,
        13.4,
        14.6,
        11.0,
        11.600000000000001
    ],
    "full_feedback_repair_test": [
        14.2,
        16.2,
        16.0,
        14.399999999999999,
        15.6,
        14.799999999999999,
        13.8,
        15.0,
        11.799999999999999,
        12.4
    ]
}