{
    "baseline_2_valid": [
        13.333333333333334,
        23.333333333333332,
        23.333333333333332,
        15.555555555555555,
        15.555555555555555,
        14.444444444444443,
        18.88888888888889,
        22.22222222222222,
        15.555555555555555,
        23.333333333333332
    ],
    "baseline_1_valid": [
        11.11111111111111,
        15.555555555555555,
        21.11111111111111,
        13.333333333333334,
        12.222222222222221,
        8.88888888888889,
        15.555555555555555,
        15.555555555555555,
        16.666666666666664,
        18.88888888888889
    ],
    "baseline_3_valid": [
        14.444444444444443,
        18.88888888888889,
        17.77777777777778,
        22.22222222222222,
        17.77777777777778,
        16.666666666666664,
        14.444444444444443,
        15.555555555555555,
        16.666666666666664,
        16.666666666666664
    ],
    "simple_feedback_valid": [
        10.0,
        16.666666666666664,
        18.88888888888889,
        14.444444444444443,
        12.222222222222221,
        7.777777777777778,
        12.222222222222221,
        16.666666666666664,
        16.666666666666664,
        16.666666666666664
    ],
    "simple_feedback_repair_valid": [
        10.0,
        16.666666666666664,
        18.88888888888889,
        14.444444444444443,
        12.222222222222221,
        7.777777777777778,
        12.222222222222221,
        16.666666666666664,
        16.666666666666664,
        16.666666666666664
    ],
    "full_feedback_valid": [
        13.333333333333334,
        17.77777777777778,
        18.88888888888889,
        16.666666666666664,
        14.444444444444443,
        6.666666666666667,
        12.222222222222221,
        14.444444444444443,
        15.555555555555555,
        15.555555555555555
    ],
    "full_feedback_repair_valid": [
        13.333333333333334,
        17.77777777777778,
        18.88888888888889,
        16.666666666666664,
        14.444444444444443,
        6.666666666666667,
        12.222222222222221,
        14.444444444444443,
        15.555555555555555,
        15.555555555555555
    ],
    "baseline_2_test": [
        17.2,
        20.4,
        19.400000000000002,
        18.2,
        18.4,
        16.400000000000002,
        19.6,
        21.0,
        19.0,
        19.8
    ],
    "baseline_1_test": [
        15.8,
        16.0,
        15.6,
        15.6,
        12.8,
        10.8,
        14.6,
        14.000000000000002,
        15.8,
        14.799999999999999
    ],
    "baseline_3_test": [
        11.799999999999999,
        19.2,
        17.599999999999998,
        17.4,
        17.0,
        19.6,
        17.0,
        19.8,
        17.2,
        17.4
    ],
    "simple_feedback_test": [
        12.4,
        16.2,
        15.4,
        15.0,
        13.600000000000001,
        9.4,
        13.0,
        15.0,
        15.2,
        14.399999999999999
    ],
    "simple_feedback_repair_test": [
        13.0,
        17.4,
        15.6,
        15.2,
        13.8,
        9.6,
        13.200000000000001,
        15.0,
        15.2,
        14.399999999999999
    ],
    "full_feedback_test": [
        13.200000000000001,
        16.2,
        15.4,
        13.8,
        13.8,
        7.6,
        13.200000000000001,
        14.6,
        16.8,
        14.2
    ],
    "full_feedback_repair_test": [
        14.2,
        16.8,
        15.4,
        13.8,
        14.2,
        7.8,
        13.200000000000001,
        14.6,
        16.8,
        14.2
    ]
}