{
    "baseline_2_valid": [
        13.333333333333334,
        20.0,
        17.77777777777778,
        21.11111111111111,
        17.77777777777778,
        18.88888888888889,
        20.0,
        21.11111111111111,
        20.0,
        17.77777777777778
    ],
    "baseline_1_valid": [
        11.11111111111111,
        16.666666666666664,
        14.444444444444443,
        16.666666666666664,
        14.444444444444443,
        18.88888888888889,
        14.444444444444443,
        14.444444444444443,
        14.444444444444443,
        15.555555555555555
    ],
    "baseline_3_valid": [
        8.88888888888889,
        17.77777777777778,
        13.333333333333334,
        16.666666666666664,
        16.666666666666664,
        18.88888888888889,
        17.77777777777778,
        17.77777777777778,
        15.555555555555555,
        16.666666666666664
    ],
    "simple_feedback_valid": [
        10.0,
        17.77777777777778,
        12.222222222222221,
        14.444444444444443,
        13.333333333333334,
        14.444444444444443,
        13.333333333333334,
        11.11111111111111,
        11.11111111111111,
        14.444444444444443
    ],
    "simple_feedback_repair_valid": [
        10.0,
        20.0,
        12.222222222222221,
        14.444444444444443,
        14.444444444444443,
        14.444444444444443,
        13.333333333333334,
        12.222222222222221,
        11.11111111111111,
        14.444444444444443
    ],
    "full_feedback_valid": [
        13.333333333333334,
        16.666666666666664,
        15.555555555555555,
        15.555555555555555,
        13.333333333333334,
        14.444444444444443,
        14.444444444444443,
        14.444444444444443,
        13.333333333333334,
        14.444444444444443
    ],
    "full_feedback_repair_valid": [
        13.333333333333334,
        16.666666666666664,
        15.555555555555555,
        15.555555555555555,
        13.333333333333334,
        14.444444444444443,
        14.444444444444443,
        14.444444444444443,
        13.333333333333334,
        14.444444444444443
    ],
    "baseline_2_test": [
        17.2,
        20.4,
        20.200000000000003,
        21.6,
        18.4,
        19.0,
        17.4,
        17.4,
        18.6,
        19.8
    ],
    "baseline_1_test": [
        15.8,
        16.0,
        16.0,
        15.2,
        14.000000000000002,
        15.4,
        13.8,
        12.8,
        14.399999999999999,
        14.799999999999999
    ],
    "baseline_3_test": [
        12.4,
        18.4,
        18.6,
        18.4,
        17.0,
        19.400000000000002,
        16.400000000000002,
        15.6,
        18.0,
        16.0
    ],
    "simple_feedback_test": [
        12.4,
        16.0,
        16.2,
        14.6,
        12.4,
        14.6,
        13.0,
        11.600000000000001,
        16.0,
        13.8
    ],
    "simple_feedback_repair_test": [
        13.0,
        16.8,
        16.400000000000002,
        15.2,
        12.8,
        15.6,
        13.8,
        12.4,
        16.6,
        14.000000000000002
    ],
    "full_feedback_test": [
        13.200000000000001,
        15.6,
        15.0,
        14.6,
        11.4,
        12.8,
        12.6,
        13.4,
        15.2,
        12.6
    ],
    "full_feedback_repair_test": [
        14.2,
        16.400000000000002,
        15.0,
        15.0,
        11.4,
        13.4,
        12.8,
        13.8,
        15.2,
        12.6
    ]
}