{
    "simple_feedback_valid": [
        10.0,
        16.666666666666664,
        13.333333333333334,
        22.22222222222222,
        20.0,
        20.0,
        12.222222222222221,
        18.88888888888889,
        14.444444444444443,
        22.22222222222222
    ],
    "simple_feedback_repair_valid": [
        10.0,
        21.11111111111111,
        15.555555555555555,
        23.333333333333332,
        22.22222222222222,
        22.22222222222222,
        13.333333333333334,
        22.22222222222222,
        16.666666666666664,
        24.444444444444443
    ],
    "full_feedback_valid": [
        13.333333333333334,
        15.555555555555555,
        18.88888888888889,
        20.0,
        17.77777777777778,
        20.0,
        14.444444444444443,
        22.22222222222222,
        14.444444444444443,
        24.444444444444443
    ],
    "full_feedback_repair_valid": [
        13.333333333333334,
        17.77777777777778,
        20.0,
        23.333333333333332,
        20.0,
        24.444444444444443,
        16.666666666666664,
        23.333333333333332,
        17.77777777777778,
        26.666666666666668
    ],
    "simple_feedback_test": [
        12.4,
        19.6,
        17.4,
        17.2,
        19.6,
        18.8,
        20.200000000000003,
        18.6,
        18.0,
        19.400000000000002
    ],
    "simple_feedback_repair_test": [
        13.0,
        21.6,
        19.0,
        20.8,
        22.0,
        21.4,
        21.6,
        20.200000000000003,
        19.2,
        23.0
    ],
    "full_feedback_test": [
        13.200000000000001,
        19.2,
        17.599999999999998,
        17.8,
        19.6,
        19.2,
        20.599999999999998,
        18.4,
        17.8,
        20.0
    ],
    "full_feedback_repair_test": [
        14.2,
        20.0,
        19.2,
        20.8,
        21.4,
        20.8,
        21.4,
        20.8,
        19.0,
        24.0
    ]
}