{
    "simple_feedback_valid": [
        10.0,
        21.11111111111111,
        17.77777777777778,
        20.0,
        16.666666666666664,
        14.444444444444443,
        16.666666666666664,
        21.11111111111111,
        17.77777777777778,
        20.0
    ],
    "simple_feedback_repair_valid": [
        10.0,
        23.333333333333332,
        21.11111111111111,
        23.333333333333332,
        20.0,
        16.666666666666664,
        18.88888888888889,
        22.22222222222222,
        18.88888888888889,
        23.333333333333332
    ],
    "full_feedback_valid": [
        13.333333333333334,
        16.666666666666664,
        17.77777777777778,
        21.11111111111111,
        17.77777777777778,
        16.666666666666664,
        16.666666666666664,
        18.88888888888889,
        17.77777777777778,
        16.666666666666664
    ],
    "full_feedback_repair_valid": [
        13.333333333333334,
        20.0,
        20.0,
        23.333333333333332,
        18.88888888888889,
        17.77777777777778,
        16.666666666666664,
        18.88888888888889,
        18.88888888888889,
        22.22222222222222
    ],
    "simple_feedback_test": [
        12.4,
        15.0,
        16.0,
        17.4,
        17.0,
        18.8,
        17.8,
        20.8,
        18.8,
        19.6
    ],
    "simple_feedback_repair_test": [
        13.0,
        17.2,
        17.2,
        19.6,
        19.0,
        20.4,
        19.8,
        24.0,
        20.599999999999998,
        23.0
    ],
    "full_feedback_test": [
        13.200000000000001,
        17.2,
        17.8,
        18.0,
        18.6,
        19.0,
        18.2,
        20.4,
        18.4,
        19.6
    ],
    "full_feedback_repair_test": [
        14.2,
        18.8,
        19.8,
        21.0,
        19.6,
        20.4,
        20.200000000000003,
        22.8,
        19.2,
        23.599999999999998
    ]
}