{
    "simple_feedback_valid": [
        10.0,
        16.666666666666664,
        21.11111111111111,
        18.88888888888889,
        21.11111111111111,
        16.666666666666664,
        21.11111111111111,
        17.77777777777778,
        20.0,
        18.88888888888889
    ],
    "simple_feedback_repair_valid": [
        10.0,
        22.22222222222222,
        22.22222222222222,
        21.11111111111111,
        24.444444444444443,
        20.0,
        23.333333333333332,
        20.0,
        23.333333333333332,
        21.11111111111111
    ],
    "full_feedback_valid": [
        13.333333333333334,
        16.666666666666664,
        22.22222222222222,
        20.0,
        20.0,
        15.555555555555555,
        22.22222222222222,
        18.88888888888889,
        18.88888888888889,
        21.11111111111111
    ],
    "full_feedback_repair_valid": [
        13.333333333333334,
        20.0,
        23.333333333333332,
        22.22222222222222,
        25.555555555555554,
        20.0,
        25.555555555555554,
        21.11111111111111,
        21.11111111111111,
        22.22222222222222
    ],
    "simple_feedback_test": [
        12.4,
        16.2,
        18.4,
        19.6,
        18.0,
        19.400000000000002,
        19.6,
        20.4,
        19.2,
        20.0
    ],
    "simple_feedback_repair_test": [
        13.0,
        18.8,
        19.8,
        21.0,
        20.8,
        21.8,
        22.400000000000002,
        22.6,
        21.2,
        22.2
    ],
    "full_feedback_test": [
        13.200000000000001,
        17.8,
        18.6,
        18.8,
        18.4,
        20.599999999999998,
        20.599999999999998,
        20.4,
        18.4,
        20.599999999999998
    ],
    "full_feedback_repair_test": [
        14.2,
        19.400000000000002,
        20.0,
        20.599999999999998,
        21.4,
        23.799999999999997,
        23.400000000000002,
        23.400000000000002,
        20.4,
        21.6
    ]
}